student_id,td,started_at,method,path,status_code,request_body
011202157,0.0,2026-08-28 17:31:57.468000+00:00,POST,/api/panda-262/auth/register,201.0,"{""name"":""Test Customer"",""email"":""testcustomer01@example.com"",""password"":""***REDACTED***"",""role"":""customer""}"
011202157,92.44976666666666,2026-08-28 19:04:24.454000+00:00,POST,/api/panda-262/auth/register,400.0,"{""email"":""testcustomer01@example.com"",""password"":""***REDACTED***""}"
011202157,4.144616666666667,2026-08-28 19:08:33.131000+00:00,POST,/api/panda-262/auth/register,400.0,"{""email"":""testcustomer01@example.com"",""password"":""***REDACTED***""}"
011202157,2.9736666666666665,2026-08-28 19:11:31.551000+00:00,POST,/api/panda-262/auth/login,400.0,
011202157,0.62225,2026-08-28 19:12:08.886000+00:00,POST,/api/panda-262/auth/login,200.0,"{""email"":""testcustomer01@example.com"",""password"":""***REDACTED***""}"
011202157,8.214716666666666,2026-08-28 19:20:21.769000+00:00,POST,/api/panda-262/restaurants,403.0,
011202157,2.8707166666666666,2026-08-28 19:23:14.012000+00:00,POST,/api/panda-262/restaurants,403.0,
011202157,0.22986666666666666,2026-08-28 19:23:27.804000+00:00,GET,/api/panda-262/restaurants,200.0,
011202157,10.419099999999998,2026-08-28 19:33:52.950000+00:00,POST,/api/panda-262/auth/register,201.0,"{""name"":""Test Restaurant"",""email"":""testrestaurant01@example.com"",""password"":""***REDACTED***"",""role"":""restaurant""}"
011202157,5.6623,2026-08-28 19:39:32.688000+00:00,POST,/api/panda-262/auth/login,200.0,"{""email"":""testrestaurant01@example.com"",""password"":""***REDACTED***""}"
011202157,6.780333333333333,2026-08-28 19:46:19.508000+00:00,POST,/api/panda-262/restaurants,201.0,"{""name"":""Dhaka Test Restaurant"",""address"":""Dhanmondi, Dhaka""}"
011202157,9.8802,2026-08-28 19:56:12.320000+00:00,POST,/api/panda-262/restaurants/UUID/menu,201.0,"{""name"":""Chicken Biryani"",""price"":250,""stockQuantity"":20}"
011202157,5.410066666666666,2026-08-28 20:01:36.924000+00:00,GET,/api/panda-262/restaurants/UUID/menu,200.0,
011202157,4.649466666666667,2026-08-28 20:06:15.892000+00:00,POST,/api/panda-262/orders,201.0,"{""restaurantId"":""UUID"",""items"":[{""menuItemId"":""UUID"",""quantity"":2}]}"
011202157,5.516783333333334,2026-08-28 20:11:46.899000+00:00,PATCH,/api/panda-262/orders/UUID/status,200.0,"{""status"":""accepted""}"
011202157,13.7535,2026-08-28 20:25:32.109000+00:00,PATCH,/api/panda-262/orders/UUID/status,200.0,"{""status"":""preparing""}"
011202157,49.5721,2026-08-28 21:15:06.435000+00:00,POST,/api/panda-262/auth/login,200.0,"{""email"":""testcustomer01@example.com"",""password"":""***REDACTED***""}"
011202157,7.294416666666667,2026-08-28 21:22:24.100000+00:00,POST,/api/panda-262/auth/login,200.0,"{""email"":""testcustomer01@example.com"",""password"":""***REDACTED***""}"
011202157,2.367233333333333,2026-08-28 21:24:46.134000+00:00,POST,/api/panda-262/auth/login,200.0,"{""email"":""testcustomer01@example.com"",""password"":""***REDACTED***""}"
011202157,0.9778833333333333,2026-08-28 21:25:44.807000+00:00,POST,/api/panda-262/auth/login,200.0,"{""email"":""testcustomer01@example.com"",""password"":""***REDACTED***""}"
011202157,6.074133333333333,2026-08-28 21:31:49.255000+00:00,GET,/api/panda-262/restaurants,200.0,
011202157,4.797233333333334,2026-08-28 21:36:37.089000+00:00,GET,/api/panda-262/restaurants,200.0,
011202157,2.0713333333333335,2026-08-28 21:38:41.369000+00:00,POST,/api/panda-262/auth/register,409.0,"{""name"":""Test Restaurant"",""email"":""testrestaurant01@example.com"",""password"":""***REDACTED***"",""role"":""restaurant""}"
011202157,3.7518499999999997,2026-08-28 21:42:26.480000+00:00,POST,/api/panda-262/auth/login,200.0,"{""email"":""testrestaurant01@example.com"",""password"":""***REDACTED***""}"
011202157,15.884466666666667,2026-08-28 21:58:19.548000+00:00,POST,/api/panda-262/restaurants/null/menu,401.0,"{""name"":""Chicken Biryani"",""price"":250,""stockQuantity"":20}"
011202157,1.1423333333333334,2026-08-28 21:59:28.088000+00:00,POST,/api/panda-262/restaurants/null/menu,500.0,"{""name"":""Chicken Biryani"",""price"":250,""stockQuantity"":20}"
011202157,6.141166666666667,2026-08-28 22:05:36.558000+00:00,POST,/api/panda-262/restaurants/UUID/menu,201.0,"{""name"":""Chicken Biryani"",""price"":250,""stockQuantity"":20}"
011202157,2.754,2026-08-28 22:08:21.798000+00:00,GET,/api/panda-262/restaurants/UUID/menu,200.0,
011202157,4.2827,2026-08-28 22:12:38.760000+00:00,POST,/api/panda-262/orders,201.0,"{""restaurantId"":""UUID"",""items"":[{""menuItemId"":""UUID"",""quantity"":2}]}"
011202157,5.96415,2026-08-28 22:18:36.609000+00:00,PATCH,/api/panda-262/orders/null/status,500.0,"{""status"":""accepted""}"
011202157,1.4175499999999999,2026-08-28 22:20:01.662000+00:00,PATCH,/api/panda-262/orders/UUID/status,200.0,"{""status"":""accepted""}"
011202157,2.0042333333333335,2026-08-28 22:22:01.916000+00:00,PATCH,/api/panda-262/orders/UUID/status,200.0,"{""status"":""preparing""}"
011202157,495.4624166666666,2026-08-29 06:37:29.661000+00:00,PATCH,/api/panda-262/orders/UUID/status,200.0,"{""status"":""ready_for_pickup""}"
011202157,3.8763666666666667,2026-08-29 06:41:22.243000+00:00,PATCH,/api/panda-262/orders/UUID/claim,401.0,
011202157,7.0022166666666665,2026-08-29 06:48:22.376000+00:00,POST,/api/panda-262/auth/register,201.0,"{""name"":""Test Rider"",""email"":""rider@test.com"",""password"":""***REDACTED***"",""role"":""rider""}"
011202157,2.2625666666666664,2026-08-29 06:50:38.130000+00:00,POST,/api/panda-262/auth/login,200.0,"{""email"":""rider@test.com"",""password"":""***REDACTED***""}"
011202157,20.571266666666666,2026-08-29 07:11:12.406000+00:00,POST,/api/panda-262/auth/login,400.0,
011202157,0.36005000000000004,2026-08-29 07:11:34.009000+00:00,POST,/api/panda-262/auth/login,400.0,
011202157,3.7287666666666666,2026-08-29 07:15:17.735000+00:00,POST,/api/panda-262/auth/login,200.0,"{""email"":""rider@test.com"",""password"":""***REDACTED***""}"
011202157,6.4034666666666675,2026-08-29 07:21:41.943000+00:00,PATCH,/api/panda-262/orders/UUID/claim,200.0,
011202157,4.13125,2026-08-29 07:25:49.818000+00:00,PATCH,/api/panda-262/orders/UUID/status,200.0,"{""status"":""picked_up""}"
011202157,2.7642,2026-08-29 07:28:35.670000+00:00,PATCH,/api/panda-262/orders/UUID/status,200.0,"{""status"":""delivered""}"
011202157,3.4926166666666663,2026-08-29 07:32:05.227000+00:00,GET,/api/panda-262/orders,200.0,
011202157,3.1282833333333335,2026-08-29 07:35:12.924000+00:00,GET,/api/panda-262/orders/UUID,401.0,
011202157,0.3660333333333333,2026-08-29 07:35:34.886000+00:00,GET,/api/panda-262/orders/UUID,200.0,
011202157,2.2394000000000003,2026-08-29 07:37:49.250000+00:00,GET,/api/panda-262/orders/UUID/timeline,200.0,
011202157,4.2513499999999995,2026-08-29 07:42:04.331000+00:00,GET,/api/panda-262/orders/available,200.0,
011202157,6.05395,2026-08-29 07:48:07.568000+00:00,POST,/api/panda-262/orders/UUID/rate,201.0,"{""target"":""restaurant"",""score"":5,""comment"":""Food was great""}"
011202157,3.8937666666666666,2026-08-29 07:52:01.194000+00:00,POST,/api/panda-262/orders/UUID/rate,201.0,"{""target"":""rider"",""score"":5,""comment"":""Rider delivered the order safely""}"
011202157,3.591133333333333,2026-08-29 07:55:36.662000+00:00,GET,/api/panda-262/restaurants/UUID/ratings,200.0,
011202157,47.08866666666667,2026-08-29 08:42:41.982000+00:00,PATCH,/api/panda-262/orders/UUID/status,502.0,"{""status"":""accepted""}"
011202157,2.65305,2026-08-29 08:45:21.165000+00:00,PATCH,/api/panda-262/orders/UUID/status,502.0,"{""status"":""accepted""}"
011202157,31.926766666666666,2026-08-29 09:17:16.771000+00:00,PATCH,/api/panda-262/orders/UUID/status,403.0,"{""status"":""accepted""}"
011202157,6.140883333333333,2026-08-29 09:23:25.224000+00:00,PATCH,/api/panda-262/orders/UUID/status,400.0,{}
011202157,6.222083333333333,2026-08-29 09:29:38.549000+00:00,POST,/api/panda-262/orders/UUID/rate,500.0,"{""target"":""restaurant"",""score"":6,""comment"":""Testing invalid score""}"
011202157,3.9704333333333333,2026-08-29 09:33:36.775000+00:00,POST,/api/panda-262/orders/UUID/rate,500.0,"{""target"":""restaurant"",""score"":0,""comment"":""Testing invalid score""}"
011202157,2.489933333333333,2026-08-29 09:36:06.171000+00:00,POST,/api/panda-262/orders/UUID/rate,201.0,"{""target"":""restaurant"",""score"":5,""comment"":""Testing missing target""}"
011202157,2.549316666666667,2026-08-29 09:38:39.130000+00:00,POST,/api/panda-262/orders/UUID/rate,400.0,"{""target"":""customer"",""score"":5,""comment"":""Testing invalid target""}"
011202157,2.7615,2026-08-29 09:41:24.820000+00:00,POST,/api/panda-262/orders/UUID/rate,400.0,"{""target"":""restaurant"",""comment"":""Testing missing score""}"
011202157,7.43895,2026-08-29 09:48:51.157000+00:00,PATCH,/api/panda-262/orders/UUID/cancel,400.0,"{""reason"":""Testing cancellation after delivery""}"
011202157,3.684683333333333,2026-08-29 09:52:32.238000+00:00,PATCH,/api/panda-262/orders/UUID/cancel,400.0,{}
011202157,6.4729833333333335,2026-08-29 09:59:00.617000+00:00,POST,/api/panda-262/orders/UUID/rate,400.0,"{""target"":""restaurant"",""score"":3.5,""comment"":""Testing decimal score""}"
011202157,123.08721666666666,2026-08-29 12:02:05.850000+00:00,POST,/api/panda-262/auth/register,201.0,"{""name"":""Test Customer"",""email"":""customer_1788004923791@test.com"",""password"":""***REDACTED***"",""role"":""customer""}"
011202157,0.020233333333333332,2026-08-29 12:02:07.064000+00:00,POST,/api/panda-262/auth/login,200.0,"{""email"":""customer_1788004923791@test.com"",""password"":""***REDACTED***""}"
011202157,0.0203,2026-08-29 12:02:08.282000+00:00,POST,/api/panda-262/auth/register,201.0,"{""name"":""Test Restaurant"",""email"":""restaurant_1788004927403@test.com"",""password"":""***REDACTED***"",""role"":""restaurant""}"
011202157,0.013250000000000001,2026-08-29 12:02:09.077000+00:00,POST,/api/panda-262/auth/login,200.0,"{""email"":""restaurant_1788004927403@test.com"",""password"":""***REDACTED***""}"
011202157,0.0201,2026-08-29 12:02:10.283000+00:00,POST,/api/panda-262/restaurants,201.0,"{""name"":""Test Restaurant"",""address"":""Dhaka""}"
011202157,0.017866666666666666,2026-08-29 12:02:11.355000+00:00,GET,/api/panda-262/restaurants,200.0,
011202157,0.025266666666666666,2026-08-29 12:02:12.871000+00:00,GET,/api/panda-262/restaurants/UUID/menu,401.0,
011202157,0.04458333333333333,2026-08-29 12:02:15.546000+00:00,POST,/api/panda-262/auth/register,201.0,"{""name"":""Test Rider"",""email"":""rider_1788004934499@test.com"",""password"":""***REDACTED***"",""role"":""rider""}"
011202157,0.012983333333333335,2026-08-29 12:02:16.325000+00:00,POST,/api/panda-262/auth/login,200.0,"{""email"":""rider_1788004934499@test.com"",""password"":""***REDACTED***""}"
011202157,0.053033333333333335,2026-08-29 12:02:19.507000+00:00,GET,/api/panda-262/orders/available,200.0,
011202157,0.010199999999999999,2026-08-29 12:02:20.119000+00:00,POST,/api/panda-262/orders/UUID/rate,403.0,"{""target"":""restaurant"",""score"":5,""comment"":""Food was great""}"
011202157,0.018116666666666666,2026-08-29 12:02:21.206000+00:00,POST,/api/panda-262/orders/UUID/rate,403.0,"{""target"":""rider"",""score"":5,""comment"":""Rider delivered the order safely""}"
011202157,0.02025,2026-08-29 12:02:22.421000+00:00,GET,/api/panda-262/restaurants/UUID/ratings,200.0,
011202157,0.01595,2026-08-29 12:02:23.378000+00:00,PATCH,/api/panda-262/orders/UUID/status,403.0,"{""status"":""accepted""}"
011202157,0.010166666666666666,2026-08-29 12:02:23.988000+00:00,PATCH,/api/panda-262/orders/UUID/status,400.0,{}
011202157,0.0178,2026-08-29 12:02:25.056000+00:00,PATCH,/api/panda-262/orders/UUID/cancel,403.0,{}
011202157,0.01015,2026-08-29 12:02:25.665000+00:00,POST,/api/panda-262/orders/UUID/rate,400.0,"{""target"":""restaurant"",""score"":3.5,""comment"":""Testing decimal score""}"
011202157,28.009233333333334,2026-08-29 12:30:26.219000+00:00,POST,/api/panda-262/orders,201.0,"{""restaurantId"":""UUID"",""items"":[{""menuItemId"":""UUID"",""quantity"":2}]}"
011202157,3.4046499999999997,2026-08-29 12:33:50.498000+00:00,POST,/api/panda-262/orders,201.0,"{""restaurantId"":""UUID"",""items"":[{""menuItemId"":""UUID"",""quantity"":2}]}"
011202157,4.39275,2026-08-29 12:38:14.063000+00:00,GET,/api/panda-262/restaurants/UUID/menu,200.0,
011202157,14.967383333333334,2026-08-29 12:53:12.106000+00:00,POST,/api/panda-262/auth/register,201.0,"{""name"":""Test Customer"",""email"":""customer_1788007989481@test.com"",""password"":""***REDACTED***"",""role"":""customer""}"
011202157,0.020033333333333334,2026-08-29 12:53:13.308000+00:00,POST,/api/panda-262/auth/login,200.0,"{""email"":""customer_1788007989481@test.com"",""password"":""***REDACTED***""}"
011202157,0.022583333333333334,2026-08-29 12:53:14.663000+00:00,POST,/api/panda-262/auth/register,201.0,"{""name"":""Test Restaurant"",""email"":""restaurant_1788007993583@test.com"",""password"":""***REDACTED***"",""role"":""restaurant""}"
011202157,0.011250000000000001,2026-08-29 12:53:15.338000+00:00,POST,/api/panda-262/auth/login,200.0,"{""email"":""restaurant_1788007993583@test.com"",""password"":""***REDACTED***""}"
011202157,0.01935,2026-08-29 12:53:16.499000+00:00,POST,/api/panda-262/restaurants,201.0,"{""name"":""Test Restaurant"",""address"":""Dhaka""}"
011202157,0.030116666666666667,2026-08-29 12:53:18.306000+00:00,GET,/api/panda-262/restaurants,200.0,
011202157,0.052316666666666664,2026-08-29 12:53:21.445000+00:00,POST,/api/panda-262/auth/register,201.0,"{""name"":""Test Rider"",""email"":""rider_1788008000518@test.com"",""password"":""***REDACTED***"",""role"":""rider""}"
011202157,0.011300000000000001,2026-08-29 12:53:22.123000+00:00,POST,/api/panda-262/auth/login,200.0,"{""email"":""rider_1788008000518@test.com"",""password"":""***REDACTED***""}"
011202157,0.04931666666666667,2026-08-29 12:53:25.082000+00:00,GET,/api/panda-262/orders/available,200.0,
011202157,0.010366666666666666,2026-08-29 12:53:25.704000+00:00,POST,/api/panda-262/orders/UUID/rate,403.0,"{""target"":""restaurant"",""score"":5,""comment"":""Food was great""}"
011202157,0.010366666666666666,2026-08-29 12:53:26.326000+00:00,POST,/api/panda-262/orders/UUID/rate,403.0,"{""target"":""rider"",""score"":5,""comment"":""Rider delivered the order safely""}"
011202157,0.0101,2026-08-29 12:53:26.932000+00:00,GET,/api/panda-262/restaurants/UUID/ratings,200.0,
011202157,0.010266666666666667,2026-08-29 12:53:27.548000+00:00,PATCH,/api/panda-262/orders/UUID/status,403.0,"{""status"":""accepted""}"
011202157,0.01045,2026-08-29 12:53:28.175000+00:00,PATCH,/api/panda-262/orders/UUID/status,400.0,{}
011202157,0.016666666666666666,2026-08-29 12:53:29.175000+00:00,PATCH,/api/panda-262/orders/UUID/cancel,403.0,{}
011202157,135.88948333333332,2026-08-29 15:09:22.544000+00:00,POST,/api/panda-262/orders,201.0,"{""restaurantId"":""UUID"",""items"":[{""menuItemId"":""UUID"",""quantity"":2}]}"
011202157,3695.50945,2026-09-01 04:44:53.111000+00:00,POST,/api/panda-262/auth/register,201.0,"{""name"":""Test Customer"",""email"":""customer_1788237892751@test.com"",""password"":""***REDACTED***"",""role"":""customer""}"
011202157,0.005716666666666667,2026-09-01 04:44:53.454000+00:00,POST,/api/panda-262/auth/login,200.0,"{""email"":""customer_1788237892751@test.com"",""password"":""***REDACTED***""}"
011202157,0.005216666666666666,2026-09-01 04:44:53.767000+00:00,POST,/api/panda-262/auth/register,201.0,"{""name"":""Test Restaurant"",""email"":""restaurant_1788237893653@test.com"",""password"":""***REDACTED***"",""role"":""restaurant""}"
011202157,0.004966666666666666,2026-09-01 04:44:54.065000+00:00,POST,/api/panda-262/auth/login,200.0,"{""email"":""restaurant_1788237893653@test.com"",""password"":""***REDACTED***""}"
011202157,0.004933333333333333,2026-09-01 04:44:54.361000+00:00,POST,/api/panda-262/restaurants,201.0,"{""name"":""Test Restaurant"",""address"":""Dhaka""}"
011202157,0.00285,2026-09-01 04:44:54.532000+00:00,GET,/api/panda-262/restaurants,200.0,
011202157,1730.4348166666668,2026-09-02 09:35:20.621000+00:00,POST,/api/panda-262/auth/register,201.0,"{""name"":""Test Customer"",""email"":""customer_1788341720210@test.com"",""password"":""***REDACTED***"",""role"":""customer""}"
011202157,0.38686666666666664,2026-09-02 09:35:43.833000+00:00,POST,/api/panda-262/auth/register,201.0,"{""name"":""Test Restaurant 1"",""email"":""1@email.com"",""password"":""***REDACTED***"",""role"":""restaurant""}"
011202157,0.09536666666666667,2026-09-02 09:35:49.555000+00:00,POST,/api/panda-262/auth/register,201.0,"{""name"":""Test Restaurant 1"",""email"":""2@email.com"",""password"":""***REDACTED***"",""role"":""restaurant""}"
011202157,0.4944,2026-09-02 09:36:19.219000+00:00,POST,/api/panda-262/auth/login,200.0,"{""email"":""1@email.com"",""password"":""***REDACTED***""}"
011202157,0.15994999999999998,2026-09-02 09:36:28.816000+00:00,POST,/api/panda-262/auth/login,200.0,"{""email"":""2@email.com"",""password"":""***REDACTED***""}"
011202157,0.37293333333333334,2026-09-02 09:36:51.192000+00:00,POST,/api/panda-262/restaurants,201.0,"{""name"":""Test Restaurant 1"",""address"":""Dhaka""}"
011202157,0.11268333333333333,2026-09-02 09:36:57.953000+00:00,POST,/api/panda-262/restaurants,201.0,"{""name"":""Test Restaurant 2"",""address"":""Dhaka""}"
011202157,0.9339833333333334,2026-09-02 09:37:53.992000+00:00,POST,/api/panda-262/restaurants/UUID/menu,403.0,"{""name"":""Test Biryani"",""price"":250,""stockQuantity"":20}"
011202157,1.3709500000000001,2026-09-02 09:39:16.249000+00:00,POST,/api/panda-262/restaurants,201.0,"{""name"":""Test Restaurant 1"",""address"":""Dhaka""}"
011202157,0.10671666666666665,2026-09-02 09:39:22.652000+00:00,POST,/api/panda-262/restaurants,201.0,"{""name"":""Test Restaurant 2"",""address"":""Dhaka""}"
011202157,0.36325,2026-09-02 09:39:44.447000+00:00,POST,/api/panda-262/restaurants/UUID/menu,403.0,"{""name"":""Kacchi"",""price"":250,""stockQuantity"":20}"
011202157,0.3241,2026-09-02 09:40:03.893000+00:00,POST,/api/panda-262/restaurants/UUID/menu,201.0,"{""name"":""Kacchi"",""price"":250,""stockQuantity"":20}"
011202157,0.3880166666666666,2026-09-02 09:40:27.174000+00:00,POST,/api/panda-262/restaurants/UUID/menu,403.0,"{""name"":""Burger"",""price"":250,""stockQuantity"":20}"
011202157,0.12973333333333334,2026-09-02 09:40:34.958000+00:00,POST,/api/panda-262/restaurants/UUID/menu,201.0,"{""name"":""Burger"",""price"":250,""stockQuantity"":20}"
011202157,1.0085833333333334,2026-09-02 09:41:35.473000+00:00,POST,/api/panda-262/orders,500.0,"{
  ""restaurantId"": ""UUID"",
  ""items"": [
    {
      ""menuItemId"": UUID,
      ""quantity"": 1
    },
    {
      ""menuItemId"": UUID,
      ""quantity"": 1
    }
  ]
}"
011202157,0.30835,2026-09-02 09:41:53.974000+00:00,POST,/api/panda-262/auth/login,200.0,"{""email"":""customer_1788341720210@test.com"",""password"":""***REDACTED***""}"
011202157,0.18256666666666668,2026-09-02 09:42:04.928000+00:00,POST,/api/panda-262/orders,500.0,"{
  ""restaurantId"": ""UUID"",
  ""items"": [
    {
      ""menuItemId"": UUID,
      ""quantity"": 1
    },
    {
      ""menuItemId"": UUID,
      ""quantity"": 1
    }
  ]
}"
011202157,0.38486666666666663,2026-09-02 09:42:28.020000+00:00,POST,/api/panda-262/orders,500.0,"{
  ""restaurantId"": ""UUID"",
  ""items"": [
    {
      ""menuItemId"": UUID,
      ""quantity"": 1
    },
    {
      ""menuItemId"": UUID,
      ""quantity"": 1
    }
  ]
}"
011202157,0.11031666666666666,2026-09-02 09:42:34.639000+00:00,POST,/api/panda-262/orders,500.0,"{
  ""restaurantId"": ""UUID"",
  ""items"": [
    {
      ""menuItemId"": UUID,
      ""quantity"": 1
    },
    {
      ""menuItemId"": UUID,
      ""quantity"": 1
    }
  ]
}"
011202157,0.11976666666666666,2026-09-02 09:42:41.825000+00:00,POST,/api/panda-262/orders,500.0,"{
  ""restaurantId"": ""UUID"",
  ""items"": [
    {
      ""menuItemId"": UUID,
      ""quantity"": 1
    }
  ]
}"
011202157,0.09305000000000001,2026-09-02 09:42:47.408000+00:00,POST,/api/panda-262/orders,500.0,"{
  ""restaurantId"": ""UUID"",
  ""items"": [
    {
      ""menuItemId"": UUID,
      ""quantity"": 1
    }
  ]
}"
011202157,0.3372333333333334,2026-09-02 09:43:07.642000+00:00,GET,/api/panda-262/restaurants,200.0,
011202157,0.5218,2026-09-02 09:43:38.950000+00:00,POST,/api/panda-262/orders,500.0,"{
  ""restaurantId"": ""UUID"",
  ""items"": [
    {
      ""menuItemId"": UUID,
      ""quantity"": 1
    }
  ]
}"
011202157,0.5964833333333334,2026-09-02 09:44:14.739000+00:00,POST,/api/panda-262/auth/login,200.0,"{""email"":""customer_1788341720210@test.com"",""password"":""***REDACTED***""}"
011202157,0.6948333333333333,2026-09-02 09:44:56.429000+00:00,POST,/api/panda-262/orders,500.0,"{
  ""restaurantId"": ""UUID"",
  ""items"": [
    {
      ""menuItemId"": UUID,
      ""quantity"": 1
    }
  ]
}"
011202157,0.16408333333333333,2026-09-02 09:45:06.274000+00:00,POST,/api/panda-262/orders,500.0,"{
  ""restaurantId"": ""UUID"",
  ""items"": [
    {
      ""menuItemId"": UUID,
      ""quantity"": 1
    }
  ]
}"
011202157,0.02266666666666667,2026-09-02 09:45:07.634000+00:00,POST,/api/panda-262/orders,500.0,"{
  ""restaurantId"": ""UUID"",
  ""items"": [
    {
      ""menuItemId"": UUID,
      ""quantity"": 1
    }
  ]
}"
011202157,3440.151566666667,2026-09-04 19:05:16.728000+00:00,PATCH,/api/panda-262/orders/UUID/status,403.0,"{""status"":""accepted""}"
011202157,1.8712833333333334,2026-09-04 19:07:09.005000+00:00,PATCH,/api/panda-262/orders/UUID/cancel,403.0,{}
011202157,21.338216666666664,2026-09-04 19:28:29.298000+00:00,POST,/api/panda-262/restaurants,201.0,"{""name"":""Test Restaurant"",""address"":""Dhaka""}"
011202157,1324.2096,2026-09-05 17:32:41.874000+00:00,POST,/api/panda-262/auth/login,200.0,"{""email"":""customer_1788007989481@test.com"",""password"":""***REDACTED***""}"
011202157,21.762733333333333,2026-09-05 17:54:27.638000+00:00,POST,/api/panda-262/auth/register,201.0,"{""name"":""Test Customer"",""email"":""customer_1788630867187@test.com"",""password"":""***REDACTED***"",""role"":""customer""}"
011202157,1.3606,2026-09-05 17:55:49.274000+00:00,POST,/api/panda-262/auth/login,200.0,"{""email"":""customer_1788630867187@test.com"",""password"":""***REDACTED***""}"
011202157,7.61255,2026-09-05 18:03:26.027000+00:00,POST,/api/panda-262/auth/register,201.0,"{""name"":""Test Restaurant"",""email"":""restaurant_1788631406213@test.com"",""password"":""***REDACTED***"",""role"":""restaurant""}"
011202157,0.6239,2026-09-05 18:04:03.461000+00:00,POST,/api/panda-262/auth/login,200.0,"{""email"":""restaurant_1788631406213@test.com"",""password"":""***REDACTED***""}"
011202157,0.3249833333333333,2026-09-05 18:04:22.960000+00:00,POST,/api/panda-262/restaurants,201.0,"{""name"":""Test Restaurant"",""address"":""Dhaka""}"
011202157,0.53895,2026-09-05 18:04:55.297000+00:00,GET,/api/panda-262/restaurants,200.0,
011202157,3.3104,2026-09-05 18:08:13.921000+00:00,POST,/api/panda-262/restaurants/UUID/menu,201.0,"{""name"":""Test Biryani"",""price"":250,""stockQuantity"":20}"
011202157,2.4189166666666666,2026-09-05 18:10:39.056000+00:00,GET,/api/panda-262/restaurants/UUID/menu,200.0,
011202157,1.5624,2026-09-05 18:12:12.800000+00:00,POST,/api/panda-262/orders,201.0,"{""restaurantId"":""UUID"",""items"":[{""menuItemId"":""UUID"",""quantity"":2}]}"
011202157,0.8990166666666667,2026-09-05 18:13:06.741000+00:00,PATCH,/api/panda-262/orders/BBorderIdDD/status,500.0,"{""status"":""accepted""}"
011202157,1.4303166666666667,2026-09-05 18:14:32.560000+00:00,PATCH,/api/panda-262/orders/BBorderIdDD/status,500.0,"{""status"":""accepted""}"
011202157,2.3715333333333333,2026-09-05 18:16:54.852000+00:00,PATCH,/api/panda-262/orders/BBorderIdDD/status,500.0,"{""status"":""accepted""}"
011202157,1.8486333333333334,2026-09-05 18:18:45.770000+00:00,POST,/api/panda-262/orders,201.0,"{""restaurantId"":""UUID"",""items"":[{""menuItemId"":""UUID"",""quantity"":2}]}"
011202157,1.9200666666666666,2026-09-05 18:20:40.974000+00:00,POST,/api/panda-262/orders,201.0,"{""restaurantId"":""UUID"",""items"":[{""menuItemId"":""UUID"",""quantity"":2}]}"
011202157,4.310566666666667,2026-09-05 18:24:59.608000+00:00,POST,/api/panda-262/orders,201.0,"{""restaurantId"":""UUID"",""items"":[{""menuItemId"":""UUID"",""quantity"":2}]}"
011202157,0.8665833333333333,2026-09-05 18:25:51.603000+00:00,POST,/api/panda-262/orders,201.0,"{""restaurantId"":""UUID"",""items"":[{""menuItemId"":""UUID"",""quantity"":2}]}"
011202157,1.3176999999999999,2026-09-05 18:27:10.665000+00:00,POST,/api/panda-262/orders,400.0,"{""restaurantId"":""UUID"",""items"":[{""menuItemId"":""UUID"",""quantity"":2}]}"
011202157,1.8093166666666667,2026-09-05 18:28:59.224000+00:00,POST,/api/panda-262/orders,201.0,"{""restaurantId"":""UUID"",""items"":[{""menuItemId"":""UUID"",""quantity"":2}]}"
011202157,1.3111333333333335,2026-09-05 18:30:17.892000+00:00,POST,/api/panda-262/orders,201.0,"{""restaurantId"":""UUID"",""items"":[{""menuItemId"":""UUID"",""quantity"":2}]}"
011202157,0.9827833333333333,2026-09-05 18:31:16.859000+00:00,PATCH,/api/panda-262/orders/UUID/status,200.0,"{""status"":""accepted""}"
011202157,1.5890666666666666,2026-09-05 18:32:52.203000+00:00,PATCH,/api/panda-262/orders/UUID/status,200.0,"{""status"":""preparing""}"
011202157,1.0815666666666668,2026-09-05 18:33:57.097000+00:00,PATCH,/api/panda-262/orders/UUID/status,200.0,"{""status"":""ready_for_pickup""}"
011202157,0.20238333333333333,2026-09-05 18:34:09.240000+00:00,POST,/api/panda-262/auth/register,201.0,"{""name"":""Test Rider"",""email"":""rider_1788633248065@test.com"",""password"":""***REDACTED***"",""role"":""rider""}"
011202157,0.5753333333333334,2026-09-05 18:34:43.760000+00:00,POST,/api/panda-262/auth/login,200.0,"{""email"":""rider_1788633248065@test.com"",""password"":""***REDACTED***""}"
011202157,4.139666666666667,2026-09-05 18:38:52.140000+00:00,GET,/api/panda-262/orders/UUID/claim,404.0,
011202157,0.29415,2026-09-05 18:39:09.789000+00:00,PATCH,/api/panda-262/orders/UUID/claim,200.0,
011202157,2.01055,2026-09-05 18:41:10.422000+00:00,PATCH,/api/panda-262/orders/UUID/claim,200.0,
011202157,0.9971166666666667,2026-09-05 18:42:10.249000+00:00,PATCH,/api/panda-262/orders/UUID/status,200.0,"{""status"":""picked_up""}"
011202157,1.1402166666666667,2026-09-05 18:43:18.662000+00:00,PATCH,/api/panda-262/orders/UUID/status,200.0,"{""status"":""delivered""}"
011202157,2.2106500000000002,2026-09-05 18:45:31.301000+00:00,GET,/api/panda-262/orders,200.0,
011202157,0.8185833333333333,2026-09-05 18:46:20.416000+00:00,GET,/api/panda-262/orders/UUID,200.0,
011202157,0.6872833333333334,2026-09-05 18:47:01.653000+00:00,GET,/api/panda-262/orders/UUID/timeline,200.0,
011202157,0.3419666666666667,2026-09-05 18:47:22.171000+00:00,GET,/api/panda-262/orders/available,200.0,
011202157,0.29793333333333333,2026-09-05 18:47:40.047000+00:00,POST,/api/panda-262/orders/UUID/rate,403.0,"{""target"":""restaurant"",""score"":5,""comment"":""Food was great""}"
011202157,1.8270166666666665,2026-09-05 18:49:29.668000+00:00,POST,/api/panda-262/orders/UUID/rate,201.0,"{""target"":""restaurant"",""score"":5,""comment"":""Food was great""}"
011202157,1.1391166666666666,2026-09-05 18:50:38.015000+00:00,POST,/api/panda-262/orders/UUID/rate,201.0,"{""target"":""rider"",""score"":5,""comment"":""Rider delivered the order safely""}"
011202157,1.5295166666666666,2026-09-05 18:52:09.786000+00:00,GET,/api/panda-262/restaurants/UUID/ratings,200.0,
011202157,2.2481666666666666,2026-09-05 18:54:24.676000+00:00,PATCH,/api/panda-262/orders/UUID/status,200.0,"{""status"":""accepted""}"
011202157,1.9414,2026-09-05 18:56:21.160000+00:00,PATCH,/api/panda-262/orders/UUID/status,200.0,"{""status"":""accepted""}"
011202157,1.6250666666666667,2026-09-05 18:57:58.664000+00:00,GET,/api/panda-262/orders/UUID,200.0,
011202157,1.0270166666666667,2026-09-05 18:59:00.285000+00:00,GET,/api/panda-262/orders/UUID,200.0,
011202157,1.3420166666666666,2026-09-05 19:00:20.806000+00:00,GET,/api/panda-262/orders/UUID,200.0,
011202157,1.617,2026-09-05 19:01:57.826000+00:00,PATCH,/api/panda-262/orders/UUID/status,400.0,{}
011202157,1.4003166666666667,2026-09-05 19:03:21.845000+00:00,POST,/api/panda-262/orders/UUID/rate,400.0,"{""target"":""restaurant"",""score"":0,""comment"":""Testing invalid score""}"
011202157,0.59125,2026-09-05 19:03:57.320000+00:00,POST,/api/panda-262/orders/UUID/rate,400.0,"{""target"":""restaurant"",""score"":0,""comment"":""Testing invalid score""}"
011202157,2.13035,2026-09-05 19:06:05.141000+00:00,POST,/api/panda-262/orders/UUID/rate,400.0,"{""target"":""restaurant"",""score"":3.5,""comment"":""Testing decimal score""}"
011202157,2.1683499999999998,2026-09-05 19:08:15.242000+00:00,POST,/api/panda-262/orders/UUID/rate,400.0,"{""target"":""restaurant"",""score"":3.5,""comment"":""Testing decimal score""}"
011202157,0.5659166666666666,2026-09-05 19:08:49.197000+00:00,POST,/api/panda-262/orders/UUID/rate,400.0,"{""target"":""restaurant"",""score"":6,""comment"":""Testing invalid score""}"
011202157,0.9395333333333333,2026-09-05 19:09:45.569000+00:00,POST,/api/panda-262/orders/UUID/rate,400.0,"{""score"":5,""comment"":""Testing missing target""}"
011202157,1.4236333333333335,2026-09-05 19:11:10.987000+00:00,PATCH,/api/panda-262/orders/UUID,404.0,{}
011202157,2.6283666666666665,2026-09-05 19:13:48.689000+00:00,GET,/api/panda-262/orders/UUID,200.0,
011202157,4.691516666666667,2026-09-05 19:18:30.180000+00:00,POST,/api/panda-262/orders,201.0,"{""restaurantId"":""UUID"",""items"":[{""menuItemId"":""UUID"",""quantity"":2}]}"
011202157,2.0469333333333335,2026-09-05 19:20:32.996000+00:00,PATCH,/api/panda-262/orders/UUID/status,200.0,"{""status"":""accepted""}"
011202157,1.3979833333333334,2026-09-05 19:21:56.875000+00:00,PATCH,/api/panda-262/orders/UUID/status,200.0,"{""status"":""preparing""}"
011202157,0.8247833333333333,2026-09-05 19:22:46.362000+00:00,PATCH,/api/panda-262/orders/UUID/status,200.0,"{""status"":""ready_for_pickup""}"
011202157,1.2679166666666668,2026-09-05 19:24:02.437000+00:00,PATCH,/api/panda-262/orders/UUID/claim,200.0,
011202157,2.14505,2026-09-05 19:26:11.140000+00:00,PATCH,/api/panda-262/orders/UUID/status,200.0,"{""status"":""picked_up""}"
011202157,1364.3921,2026-09-06 18:10:34.666000+00:00,PATCH,/api/panda-262/orders/UUID/status,,
011202157,1.0729,2026-09-06 18:11:39.040000+00:00,PATCH,/api/panda-262/orders/UUID/status,502.0,"{""status"":""picked_up""}"
011202157,0.11466666666666667,2026-09-06 18:11:45.920000+00:00,PATCH,/api/panda-262/orders/UUID/status,502.0,"{""status"":""picked_up""}"
011202157,22.187933333333334,2026-09-06 18:33:57.196000+00:00,POST,/api/panda-262/auth/register,502.0,"{""name"":""Test Customer"",""email"":""customer_1788719636181@test.com"",""password"":""***REDACTED***"",""role"":""customer""}"
011202157,3.533066666666667,2026-09-06 18:37:29.180000+00:00,POST,/api/panda-262/auth/register,502.0,"{""name"":""Test Customer"",""email"":""customer_1788719848160@test.com"",""password"":""***REDACTED***"",""role"":""customer""}"
011202157,50.351416666666665,2026-09-06 19:27:50.265000+00:00,POST,/api/panda-262/auth/register,502.0,"{""name"":""Test Customer"",""email"":""customer_1788722868236@test.com"",""password"":""***REDACTED***"",""role"":""customer""}"
011202157,0.15486666666666665,2026-09-06 19:27:59.557000+00:00,POST,/api/panda-262/auth/register,502.0,"{""name"":""Test Customer"",""email"":""customer_1788722878129@test.com"",""password"":""***REDACTED***"",""role"":""customer""}"
011202157,16.6379,2026-09-06 19:44:37.831000+00:00,POST,/api/panda-262/auth/register,502.0,"{""name"":""Test Customer"",""email"":""customer_1788723876190@test.com"",""password"":""***REDACTED***"",""role"":""customer""}"
011202157,0.11066666666666666,2026-09-06 19:44:44.471000+00:00,POST,/api/panda-262/auth/register,502.0,"{""name"":""Test Customer"",""email"":""customer_1788723883497@test.com"",""password"":""***REDACTED***"",""role"":""customer""}"
011202157,5.798183333333333,2026-09-06 19:50:32.362000+00:00,POST,/api/panda-262/restaurants,502.0,"{""name"":""Test Restaurant"",""address"":""Dhaka""}"
011202157,0.17003333333333334,2026-09-06 19:50:42.564000+00:00,POST,/api/panda-262/restaurants,502.0,"{""name"":""Test Restaurant"",""address"":""Dhaka""}"
011202157,0.23716666666666666,2026-09-06 19:50:56.794000+00:00,POST,/api/panda-262/restaurants,502.0,"{""name"":""Test Restaurant"",""address"":""Dhaka""}"
